attacker,INF,MECH,TANK_A,TANK_B,APC,ART_A,ART_B,AAM,AAG,SUP,FTR_A,FTR_B,BMB,HELI,BSHIP,LANDER
INF,45,35,5,15,25,5,15,5,15,25,5,5,5,15,5,5
MECH,55,45,25,35,45,35,45,45,45,95,15,25,15,25,5,5
TANK_A,85,95,45,65,75,85,95,85,75,85,15,25,15,25,15,15
TANK_B,55,45,25,45,95,55,75,85,75,65,15,25,15,25,15,15
APC,85,95,15,25,45,35,35,35,45,55,15,25,15,25,5,5
ART_A,45,35,55,65,65,45,55,55,65,65,,,,,15,25
ART_B,45,35,45,55,55,35,45,45,65,55,,,,,15,25
AAM,,,,,,,,,,,65,75,65,75,,
AAG,,,,,,,,,,,65,75,65,75,,
SUP,,,,,,,,,,,,,,,,
FTR_A,55,55,5,15,25,15,25,15,15,45,45,65,95,65,5,15
FTR_B,45,45,5,5,15,5,15,15,15,35,15,45,65,75,5,5
BMB,55,55,65,75,75,65,75,65,65,75,,,,,45,65
HELI,55,55,5,5,15,5,5,15,15,45,5,5,5,45,5,5
BSHIP,85,85,85,95,95,85,85,85,95,95,65,75,65,75,45,75
LANDER,15,15,25,25,25,25,25,25,25,25,45,65,55,65,25,45
