id,nameKey,char,defFoot,defVehicle,defShip,isProperty,income,produces,supplies,costFoot,costVehicle,costAir,costShip,unload,color
HQ,terrain.hq,H,40,40,0,1,4000,Ground,Ground,1,1,1,-1,0,#c9b27a
FACTORY,terrain.factory,X,20,20,0,1,0,Ground,Ground,1,1,1,-1,1,#a0a0a0
CITY,terrain.city,C,40,40,0,1,1000,Ground,Ground,1,1,1,-1,1,#d8d0c0
AIRPORT,terrain.airport,A,20,20,0,1,2000,Air,Air,1,1,1,-1,1,#b8c4cc
PORT,terrain.port,O,20,20,40,1,2000,Sea,Sea,1,1,1,1,1,#9fb7c9
ROAD,terrain.road,=,0,0,0,0,0,-,-,1,1,1,-1,1,#cfc49a
BRIDGE,terrain.bridge,#,0,0,0,0,0,-,-,1,1,1,-1,0,#b59a6a
PLAIN,terrain.plain,.,10,10,0,0,0,-,-,1,1,1,-1,1,#9ccc65
FOREST,terrain.forest,f,30,20,0,0,0,-,-,1,2,1,-1,0,#4f8a3c
MOUNTAIN,terrain.mountain,^,50,0,0,0,0,-,-,2,-1,1,-1,0,#8d7b68
LAKE,terrain.lake,o,0,0,0,0,0,-,-,2,-1,1,-1,0,#6fb2d6
RIVER,terrain.river,r,0,0,0,0,0,-,-,2,-1,1,-1,0,#5aa6e0
BEACH,terrain.beach,s,0,0,0,0,0,-,-,-1,-1,1,1,1,#e8d9a0
SEA,terrain.sea,~,0,0,0,0,0,-,-,-1,-1,1,1,0,#2f6fb3
